uuid-webtv-1386,[adult swim] + Warner TV Next
uuid-webtv-1845,100% Comedy
uuid-webtv-1655,13ème Rue
uuid-webtv-380,1TV Armenia
uuid-webtv-689,20 Minutes TV
uuid-webtv-272,2M Maroc
uuid-webtv-786,2STV
uuid-webtv-913,360
uuid-webtv-1627,360 TuneBox
uuid-webtv-995,6ter
uuid-webtv-1851,7 Info
uuid-webtv-1889,750g TV
uuid-webtv-1552,7ALimoges
uuid-webtv-319,8 Mont-Blanc
uuid-webtv-1148,980
uuid-webtv-1149,981
uuid-webtv-1870,982
uuid-webtv-1872,983
uuid-webtv-1874,984
uuid-webtv-1041,A Bola TV
uuid-webtv-1709,A Haber
uuid-webtv-1098,A la une Canal+
uuid-webtv-1431,A Spor
uuid-webtv-1232,A+
uuid-webtv-1664,A2
uuid-webtv-211,AB1
uuid-webtv-749,Abu Dhabi TV
uuid-webtv-242,Action
uuid-webtv-1162,Aerostar
uuid-webtv-999,Africa 24
uuid-webtv-788,Africable
uuid-webtv-1742,AfterFoot TV
uuid-webtv-1755,AL 24 News
uuid-webtv-1465,Al Anis
uuid-webtv-273,Al Aoula International
uuid-webtv-1092,Al Arabiya News Channel
uuid-webtv-1726,Al Ekhbariya TV
uuid-webtv-1090,Al Erth Al Nabawi
uuid-webtv-1482,Al Insen
uuid-webtv-846,Al Jadeed
uuid-webtv-276,Al Jazeera
uuid-webtv-494,Al Jazeera International
uuid-webtv-1142,Al Magharibia
uuid-webtv-808,Al Majd Al Hadeeth Al Nabawy
uuid-webtv-1467,Al Majd Documentary
uuid-webtv-807,Al Majd Holy Quran
uuid-webtv-809,Al Majd Space Channel
uuid-webtv-275,Al Masriya
uuid-webtv-1486,Al Mayadeen
uuid-webtv-1480,Al Nada
uuid-webtv-1481,Al Nas
uuid-webtv-1479,Al Rahma
uuid-webtv-1229,Al Rawda
uuid-webtv-922,Al Resalah
uuid-webtv-1729,Al Watania TV
uuid-webtv-1385,Alaraby
uuid-webtv-1534,All Flamenco
uuid-webtv-1820,Allociné
uuid-webtv-1653,Alpe d'Huez TV
uuid-webtv-1174,Angers TV
uuid-webtv-248,Animaux
uuid-webtv-771,ANT1
uuid-webtv-1101,Antena 3
uuid-webtv-1143,Antenne A
uuid-webtv-1762,Application CANAL+
uuid-webtv-894,Arirang
uuid-webtv-751,Armenia TV
uuid-webtv-908,Arryadia
uuid-webtv-328,ART Aflam 1
uuid-webtv-1477,ART Hekayat 1
uuid-webtv-1520,ART Hekayat 2
uuid-webtv-204,Arte
uuid-webtv-270,Arte Allemand
uuid-webtv-1488,Asharq News
uuid-webtv-1753,Assadissa
uuid-webtv-415,Astro Center TV
uuid-webtv-1383,ASTV
uuid-webtv-1754,Athaqafia
uuid-webtv-1660,Athlé TV
uuid-webtv-1379,Atres Cinema
uuid-webtv-1102,Atres Series
uuid-webtv-1369,Attessia TV
uuid-webtv-1550,Attessia TV
uuid-webtv-467,ATV Avrupa
uuid-webtv-1492,Auto Plus TV
uuid-webtv-222,Automoto
uuid-webtv-817,Azhari TV
uuid-webtv-1130,Azur TV
uuid-webtv-1427,B Smart
uuid-webtv-1544,B TV
uuid-webtv-704,B4U Movies
uuid-webtv-904,B4U Music
uuid-webtv-1311,Babes TV
uuid-webtv-676,Baby TV
uuid-webtv-1043,Baby TV (portugais)
uuid-webtv-1475,Bahia TV
uuid-webtv-1809,Bang U
uuid-webtv-750,Baraem
uuid-webtv-413,BBC Entertainment
uuid-webtv-240,BBC News
uuid-webtv-1582,BBlack Africa
uuid-webtv-1583,BBlack Caribbean
uuid-webtv-472,Beijing TV
uuid-webtv-1432,beIN Gurme
uuid-webtv-1434,BeIN Iz
uuid-webtv-1433,beIN Movies Turk
uuid-webtv-966,beIN SPORTS 1
uuid-webtv-970,beIN SPORTS 2
uuid-webtv-971,beIN SPORTS 3
uuid-webtv-978,beIN SPORTS MAX 10
uuid-webtv-972,beIN SPORTS MAX 4
uuid-webtv-973,beIN SPORTS MAX 5
uuid-webtv-974,beIN SPORTS MAX 6
uuid-webtv-975,beIN SPORTS MAX 7
uuid-webtv-976,beIN SPORTS MAX 8
uuid-webtv-977,beIN SPORTS MAX 9
uuid-webtv-1718,Belarus Tomorrow
uuid-webtv-810,Bénin TV
uuid-webtv-936,Berbère Jeunesse
uuid-webtv-937,Berbère Music
uuid-webtv-256,Berbère TV
uuid-webtv-1135,BET
uuid-webtv-225,Beur TV
uuid-webtv-1699,BFM 2
uuid-webtv-1000002,BFM 2
uuid-webtv-753,BFM Alsace
uuid-webtv-897,BFM Business
uuid-webtv-1361,BFM DICI Alpes du Sud
uuid-webtv-1066,BFM DICI Haute Provence
uuid-webtv-826,BFM Grand Lille
uuid-webtv-1302,BFM Grand Littoral
uuid-webtv-267,BFM Lyon
uuid-webtv-1499,BFM Marseille Provence
uuid-webtv-1501,BFM Nice Côte d'Azur
uuid-webtv-1574,BFM Normandie
uuid-webtv-1375,BFM Paris Île-de-France
uuid-webtv-1500,BFM Toulon Var
uuid-webtv-400,BFM TV
uuid-webtv-1772,BFMTV Grands Reportages
uuid-webtv-1801,BIM TV
uuid-webtv-1533,Bip TV
uuid-webtv-1498,Blackpills
uuid-webtv-1439,Bloomberg HT
uuid-webtv-207,Bloomberg TV
uuid-webtv-1085,B-One TV
uuid-webtv-324,Boomerang
uuid-webtv-1077,Boomerang +1
uuid-webtv-1822,Box Office Action
uuid-webtv-1823,Box Office Drama
uuid-webtv-1824,Box Office Thriller
uuid-webtv-1657,Bravo
uuid-webtv-378,Brazzers TV
uuid-webtv-392,Brazzers TV J-1
uuid-webtv-393,Brazzers TV J-2
uuid-webtv-394,Brazzers TV J-3
uuid-webtv-1756,Brionnais TV
uuid-webtv-683,C Music
uuid-webtv-372,C8
uuid-webtv-929,Canal 10 Guadeloupe
uuid-webtv-781,Canal 2 International
uuid-webtv-307,Canal 24 Horas
uuid-webtv-756,Canal 31
uuid-webtv-1000,Canal 32
uuid-webtv-1139,Canal Atlas
uuid-webtv-1376,Canal Cocina
uuid-webtv-1213,Canal J
uuid-webtv-1049,Canal Q
uuid-webtv-362,CANAL+
uuid-webtv-1648,CANAL+BOX OFFICE
uuid-webtv-742,CANAL+CINEMA(S)
uuid-webtv-1529,CANAL+DOCS
uuid-webtv-1561,CANAL+FOOT
uuid-webtv-1539,CANAL+GRAND ECRAN
uuid-webtv-1530,CANAL+kids
uuid-webtv-1659,CANAL+Ligue 1 Uber Eats
uuid-webtv-1058,CANAL+SERIES
uuid-webtv-743,CANAL+SPORT
uuid-webtv-1559,CANAL+SPORT 360
uuid-webtv-1639,Cannes Lérins TV
uuid-webtv-1825,Cap Terre
uuid-webtv-1363,Carthage +
uuid-webtv-1211,Cartoon Network
uuid-webtv-857,Cartoonito
uuid-webtv-470,CCTV-3
uuid-webtv-469,CCTV-4
uuid-webtv-1470,CDirect
uuid-webtv-1440,Cem TV
uuid-webtv-479,CGTN
uuid-webtv-948,CGTN Documentaire
uuid-webtv-480,CGTN Français
uuid-webtv-1643,Chada TV
uuid-webtv-357,Channel 1 Russia
uuid-webtv-249,Chasse & Pêche
uuid-webtv-1373,Cherifla TV
uuid-webtv-1528,Cheval TV
uuid-webtv-1849,Chrétiens TV
uuid-webtv-1846,Ciné Gay
uuid-webtv-1681,Ciné Nanar+
uuid-webtv-1682,Ciné Western+
uuid-webtv-670,Ciné+ classic
uuid-webtv-1054,Ciné+ émotion
uuid-webtv-696,Ciné+ family
uuid-webtv-669,Ciné+ festival
uuid-webtv-1053,Ciné+ frisson
uuid-webtv-1884,Clique
uuid-webtv-1355,Clique TV
uuid-webtv-1557,Club MTV
uuid-webtv-767,Clubbing TV
uuid-webtv-208,CNBC
uuid-webtv-679,CNews
uuid-webtv-1848,CNews Prime
uuid-webtv-323,CNN International
uuid-webtv-1179,Comédie+
uuid-webtv-1318,Comedy Central
uuid-webtv-1384,Connaissances du monde
uuid-webtv-1745,Continent E Int.
uuid-webtv-1573,Correio da Manhã
uuid-webtv-1314,Crime District
uuid-webtv-1827,Crime Enquêtes Faits Divers
uuid-webtv-782,CRTV
uuid-webtv-678,CStar
uuid-webtv-1117,CTC
uuid-webtv-1537,CTV
uuid-webtv-1456,Culturebox
uuid-webtv-1141,Daystar
uuid-webtv-1794,Daystar Español
uuid-webtv-1658,DAZN
uuid-webtv-408,De pelicula
uuid-webtv-227,Demain TV
uuid-webtv-1808,Desire TV
uuid-webtv-1720,Detective TV
uuid-webtv-1804,DIM
uuid-webtv-1620,Discovery Channel
uuid-webtv-1619,Discovery Investigation
uuid-webtv-938,Disney Channel
uuid-webtv-939,Disney Channel +1
uuid-webtv-1210,Disney Junior
uuid-webtv-1455,Disney+
uuid-webtv-946,Disneytek
uuid-webtv-1630,Dizi
uuid-webtv-1581,Dizi Arabe
uuid-webtv-1517,DMC
uuid-webtv-1474,DMC Drama
uuid-webtv-1819,docs & enquêtes by Society+
uuid-webtv-1461,Doctissimo TV
uuid-webtv-1626,DocuBox
uuid-webtv-1790,Dog & Cat TV
uuid-webtv-840,Dom Kino
uuid-webtv-1513,Domashniy
uuid-webtv-445,Dorcel TV
uuid-webtv-1493,Dorcel TV Africa
uuid-webtv-1026,Dorcel XXX
uuid-webtv-1654,DreamWorks
uuid-webtv-1295,Drive-in Movie Channel
uuid-webtv-1734,DRTV
uuid-webtv-748,Dubai TV
uuid-webtv-1616,Duck TV
uuid-webtv-312,DW-TV
uuid-webtv-1366,Echorouk News
uuid-webtv-1160,Echorouk TV
uuid-webtv-1736,eClutch Live
uuid-webtv-1367,El Bilad
uuid-webtv-1365,El Djazairia
uuid-webtv-1133,El Hiwar Ettounsi
uuid-webtv-1711,EMCI TV
uuid-webtv-1683,Emotion'L+
uuid-webtv-1082,English Club TV
uuid-webtv-1070,Ennahar
uuid-webtv-1835,Enquêtes de Choc
uuid-webtv-1830,Epicurieux avec Jamy
uuid-webtv-212,Equidia
uuid-webtv-833,Equinoxe TV
uuid-webtv-363      ÈRE TV
uuid-webtv-1628,EroX
uuid-webtv-1629,EroXXX
uuid-webtv-1677,Espace TV
uuid-webtv-1868,Espreso
uuid-webtv-1859,ET Now
uuid-webtv-371,ETB1ON
uuid-webtv-1638,ETV Guadeloupe
uuid-webtv-463,Euro D
uuid-webtv-959,Eurochannel
uuid-webtv-838,Euromed TV
uuid-webtv-205,Euronews
uuid-webtv-949,Euronews International
uuid-webtv-1847,Europe 1
uuid-webtv-1310,Europe 2 Pop TV
uuid-webtv-1199,Eurosport 1
uuid-webtv-1200,Eurosport 2
uuid-webtv-1686,Eurosport 3
uuid-webtv-1687,Eurosport 4
uuid-webtv-1688,Eurosport 5
uuid-webtv-1689,Eurosport 6
uuid-webtv-1690,Eurosport 7
uuid-webtv-1691,Eurosport 8
uuid-webtv-1692,Eurosport 9
uuid-webtv-1675,EVTV
uuid-webtv-1746,Family TV
uuid-webtv-221,Fashion TV
uuid-webtv-454,Fashion TV HD
uuid-webtv-1807,Fashion TV Secrets
uuid-webtv-1624,FastnFunBox
uuid-webtv-1757,FIBA 3X Festival
uuid-webtv-1798,Fight Nation
uuid-webtv-1663,Fight Nation
uuid-webtv-1625,FightBox
uuid-webtv-1622,FilmBox+ Festival
uuid-webtv-1515,Fix and Foxi
uuid-webtv-1192,Foot+
uuid-webtv-1073,Fox News
uuid-webtv-201,France 2
uuid-webtv-1673,France 2 UHD
uuid-webtv-1694,France 2 UHD HDR
uuid-webtv-739,France 24
uuid-webtv-741,France 24 Arab
uuid-webtv-740,France 24 English
uuid-webtv-1710,France 24 Español
uuid-webtv-202,France 3
uuid-webtv-283,France 3 Alpes
uuid-webtv-280,France 3 Alsace
uuid-webtv-284,France 3 Aquitaine
uuid-webtv-285,France 3 Auvergne
uuid-webtv-298,France 3 Basse-Normandie
uuid-webtv-279,France 3 Bourgogne
uuid-webtv-286,France 3 Bretagne
uuid-webtv-287,France 3 Centre
uuid-webtv-288,France 3 Champagne-Ardenne
uuid-webtv-289,France 3 Corse Via Stella
uuid-webtv-290,France 3 Côte-d'Azur
uuid-webtv-291,France 3 Franche-Comté
uuid-webtv-297,France 3 Haute-Normandie
uuid-webtv-292,France 3 Languedoc-Roussillon
uuid-webtv-293,France 3 Limousin
uuid-webtv-294,France 3 Lorraine
uuid-webtv-295,France 3 Midi Pyrénées
uuid-webtv-258,France 3 national
uuid-webtv-1315,France 3 NoA
uuid-webtv-296,France 3 Nord Pas-de-Calais
uuid-webtv-257,France 3 Paris Ile-de-France
uuid-webtv-299,France 3 Pays de Loire
uuid-webtv-300,France 3 Picardie
uuid-webtv-301,France 3 Poitou-Charentes
uuid-webtv-302,France 3 Provence-Alpes
uuid-webtv-303,France 3 Rhône-Alpes
uuid-webtv-1674,France 3 UHD
uuid-webtv-376,France 4
uuid-webtv-203,France 5
uuid-webtv-238,France Ô
uuid-webtv-1775,France TV Docs
uuid-webtv-1774,France TV Séries
uuid-webtv-1173,franceinfo
uuid-webtv-1613,Free Ciné
uuid-webtv-1707,Free TV la chaîne
uuid-webtv-1713,Freedom
uuid-webtv-1684,Fréquence Novelas+
uuid-webtv-236,Frissons Extremes
uuid-webtv-1504,Fuel TV
uuid-webtv-1732,Fusion TV
uuid-webtv-845,Future TV
uuid-webtv-916,Gabon Télévision
uuid-webtv-1105,Galicia TV
uuid-webtv-220,Game One
uuid-webtv-979,Game One +1
uuid-webtv-1623,Gametoon
uuid-webtv-1305,Generations TV
uuid-webtv-703,Geo News
uuid-webtv-702,Geo TV
uuid-webtv-618,Ginx
uuid-webtv-1494,Global Africa Telesud
uuid-webtv-1865,God TV
uuid-webtv-892,Golf Channel
uuid-webtv-1216,Golf+
uuid-webtv-1045,GONG
uuid-webtv-813,GONG MAX
uuid-webtv-1717,Gordon Live
uuid-webtv-476,Great Wall Elite
uuid-webtv-478,Greater Bay Area TV
uuid-webtv-1885,Groland
uuid-webtv-1678,Guinée Fé
uuid-webtv-677,Gulli
uuid-webtv-1372,Gulli Bil Arabi
uuid-webtv-1510,Gulli Girl
uuid-webtv-1882,Gym Direct
uuid-webtv-1438,Haber Turk
uuid-webtv-1047,Hannibal TV
uuid-webtv-1672,HBO Max
uuid-webtv-1743,HBO Max - L'actu
uuid-webtv-1545,Helwa
uuid-webtv-235,Histoire TV
uuid-webtv-1126,HLive
uuid-webtv-1837,Homicide
uuid-webtv-1503,Horse TV
uuid-webtv-1228,HTV9
uuid-webtv-475,Hunan Satellite TV
uuid-webtv-1667,Hustler HD
uuid-webtv-379,Hustler TV
uuid-webtv-1048,i24 News
uuid-webtv-1072,Ikono
uuid-webtv-1731,ILTV
uuid-webtv-1538,Imearth
uuid-webtv-1796,INA Madelen
uuid-webtv-1829,Incroyables Fortunes
uuid-webtv-1215,Infosport+
uuid-webtv-1565,INULTRA
uuid-webtv-331,Iqraa
uuid-webtv-1035,Iqraa Int
uuid-webtv-462,Israel Plus
uuid-webtv-795,iTVN
uuid-webtv-1642,Ivoire TV Music
uuid-webtv-412,Jeem TV
uuid-webtv-1771,J'irai Dormir Chez Vous TV
uuid-webtv-1209,J-One
uuid-webtv-718,Jordan Satellite Channel
uuid-webtv-1569,Journal du Golf
uuid-webtv-814,JSTV 1
uuid-webtv-815,JSTV 2
uuid-webtv-1676,Kalac TV
uuid-webtv-435,Kanal 24
uuid-webtv-370,Kanal 7 Avrupa
uuid-webtv-1429,Kanal D Drama
uuid-webtv-1618,Kanaldude
uuid-webtv-919,Karusel
uuid-webtv-761,KBS
uuid-webtv-1159,Kentron TV
uuid-webtv-1723,Kinomir
uuid-webtv-223,KTO
uuid-webtv-1793,KTV Guyane
uuid-webtv-717,Kuwait TV
uuid-webtv-1521,La Chaîne 32
uuid-webtv-471,La Chaîne du Cinéma Chinois
uuid-webtv-474,La Chaîne Internationale de Jiangsu
uuid-webtv-1191,La Chaîne Météo
uuid-webtv-1125,La Chaîne Normande
uuid-webtv-226,La Chaîne Parlementaire
uuid-webtv-1760,Laâyoune TV
uuid-webtv-1758,L'Aktu Free
uuid-webtv-1484,Lana TV
uuid-webtv-1855,Langlab
uuid-webtv-410,Las Estrellas
uuid-webtv-1099,LBC Sat
uuid-webtv-1145,LCI
uuid-webtv-688,LCP - Assemblée Nationale 24h/24
uuid-webtv-1698,Le Figaro TV
uuid-webtv-360,Le Figaro TV Île-de-France
uuid-webtv-1649,Le Média TV
uuid-webtv-1834,Le Meilleur d'Arthur
uuid-webtv-1812,Le Meilleur de la Téléréalité
uuid-webtv-1838,Le Meilleur des Jeux TV
uuid-webtv-994,L'Equipe
uuid-webtv-1813,Les Anges
uuid-webtv-1883,Les Animaux de la 8
uuid-webtv-1886,Les Deschiens
uuid-webtv-1887,Les interviews de Raphaël Mezrahi
uuid-webtv-1816,Les Z'amours
uuid-webtv-1568,L'Esprit Sorcier TV
uuid-webtv-1776,Ligue 1+
uuid-webtv-1785,Ligue 1+ 10
uuid-webtv-1777,Ligue 1+ 2
uuid-webtv-1778,Ligue 1+ 3
uuid-webtv-1779,Ligue 1+ 4
uuid-webtv-1780,Ligue 1+ 5
uuid-webtv-1781,Ligue 1+ 6
uuid-webtv-1782,Ligue 1+ 7
uuid-webtv-1783,Ligue 1+ 8
uuid-webtv-1784,Ligue 1+ 9
uuid-webtv-1856,LingoToons
uuid-webtv-1641,LMTV
uuid-webtv-1617,LMTv Sarthe
uuid-webtv-1836,Love Crime & History
uuid-webtv-1881,Love Nature
uuid-webtv-891,Lucky Jack
uuid-webtv-1799,Lutte TV
uuid-webtv-460,Luxe.TV
uuid-webtv-1712,Lyon Capitale TV
uuid-webtv-1491,M24 News
uuid-webtv-613,M6
uuid-webtv-1555,M6 4K
uuid-webtv-430,M6 Music
uuid-webtv-1558,Maboke TV
uuid-webtv-1637,Madras FM TV
uuid-webtv-1541,Maison & Travaux TV
uuid-webtv-1231,Majid
uuid-webtv-1131,Mandarin TV
uuid-webtv-1680,Mandeka
uuid-webtv-253,Mangas
uuid-webtv-682,Man-X
uuid-webtv-951,Maritima TV
uuid-webtv-1459,Marmiton TV
uuid-webtv-1165,MATÉLÉ
uuid-webtv-1463,Maurienne TV
uuid-webtv-876,Mazzika
uuid-webtv-334,MBC
uuid-webtv-902,MBC 3
uuid-webtv-1471,MBC 5
uuid-webtv-1091,MBC Drama
uuid-webtv-1580,MBC Iraq
uuid-webtv-884,MBC Masr
uuid-webtv-1522,MBC Masr 2
uuid-webtv-1123,MBC Sat
uuid-webtv-1478,MBC+ Drama
uuid-webtv-837,MBOA TV
uuid-webtv-621,MCM
uuid-webtv-622,MCM TOP
uuid-webtv-763,MCS Extrême
uuid-webtv-730,MEDI1TV
uuid-webtv-839,Mediaset Italia
uuid-webtv-237,Melody
uuid-webtv-1306,Melody d'Afrique
uuid-webtv-1428,Men TV
uuid-webtv-878,Men's Up TV
uuid-webtv-265,Mezzo
uuid-webtv-858,Mezzo Live
uuid-webtv-1309,MGG TV
uuid-webtv-1800,Mieux TV
uuid-webtv-1828,Mission Intervention
uuid-webtv-1646,Mosaik Cristal
uuid-webtv-234,Mosaïque
uuid-webtv-42001311 Mosaïque chaînes en streaming
uuid-webtv-1112,Mosaïque chaînes locales
uuid-webtv-42001300 Mosaïque chaînes thématiques
uuid-webtv-427,Mosaïque F3
uuid-webtv-42001329 Mosaïque Sport Multiplex
uuid-webtv-907,Moselle TV
uuid-webtv-1514,Mosfilm
uuid-webtv-1127,Motorvision
uuid-webtv-1435,MovieSmart Türk
uuid-webtv-1206,MTV
uuid-webtv-233,MTV 00s
uuid-webtv-232,MTV 80s
uuid-webtv-1556,MTV 90s
uuid-webtv-1202,MTV Hits
uuid-webtv-1194,Multisport+ 2
uuid-webtv-843,Murr TV
uuid-webtv-1759,Museum 4K
uuid-webtv-906,Museum TV
uuid-webtv-1895,Music Box 00s
uuid-webtv-1893,Music Box 80s
uuid-webtv-1894,Music Box 90s
uuid-webtv-1878,Music Box Classic
uuid-webtv-1891,Music Box Dance
uuid-webtv-1890,Music Box Hits
uuid-webtv-1892,Music Box Sexy
uuid-webtv-841,Muzika Pervoyo
uuid-webtv-1612,MyTV Caraïbes
uuid-webtv-825,MyZen Nature
uuid-webtv-770,MyZen TV
uuid-webtv-1567,NA TV
uuid-webtv-1062,Nat Geo Wild
uuid-webtv-1061,National Geographic
uuid-webtv-255,Nautical Channel
uuid-webtv-844,NBN
uuid-webtv-1810,NCA TV
uuid-webtv-1469,NCI
uuid-webtv-957,Nessma
uuid-webtv-1319,Netflix
uuid-webtv-1761,Netflix - L'actu
uuid-webtv-1850,Newsmax
uuid-webtv-1650,NHK World Premium
uuid-webtv-812,NHK World-Japan
uuid-webtv-1182,Nickelodeon
uuid-webtv-1223,Nickelodeon +1
uuid-webtv-1180,Nickelodeon Junior
uuid-webtv-1553,Nickelodeon Ukraine
uuid-webtv-1214,NickToons
uuid-webtv-1296,Nina Novelas
uuid-webtv-800,Nollywood TV
uuid-webtv-1374,Nollywood TV Epic
uuid-webtv-1208,Non Stop People
uuid-webtv-1535,Nour Al Koddas
uuid-webtv-1069,Noursat
uuid-webtv-1735,Novegasy
uuid-webtv-1300,Novelas+
uuid-webtv-1797,NOVO19
uuid-webtv-1867,Now News Arabic
uuid-webtv-1866,Now News Global
uuid-webtv-375,NRJ 12
uuid-webtv-620,NRJ Hits
uuid-webtv-912,NTD Television
uuid-webtv-992,NTV
uuid-webtv-1164,Numidia TV
uuid-webtv-1051,OCS
uuid-webtv-1080,OCS Choc
uuid-webtv-1079,OCS City
uuid-webtv-1081,OCS Géants
uuid-webtv-1078,OCS Max
uuid-webtv-1587,OCS Pulp
uuid-webtv-1708,OHO - Reality Club
uuid-webtv-1185,OLPLAY
uuid-webtv-1388,Olympia TV
uuid-webtv-1728,Oman TV
uuid-webtv-1518,On Drama
uuid-webtv-1516,ON TV
uuid-webtv-1487,One MTV Lebanon
uuid-webtv-1792,One TV
uuid-webtv-1791,Opsis TV
uuid-webtv-888,ORTC
uuid-webtv-785,ORTM
uuid-webtv-1714,Ost/West24
uuid-webtv-685,O'TV
uuid-webtv-1669,Padel Time TV
uuid-webtv-1168,Panorama Cinema
uuid-webtv-1169,Panorama Drama
uuid-webtv-1050,Paramount Network
uuid-webtv-1167,Paramount Network Décalé
uuid-webtv-1854,Paramount+
uuid-webtv-213,Paris Première
uuid-webtv-1083,Penthouse Black
uuid-webtv-829,Penthouse Gold
uuid-webtv-830,Penthouse Reality TV
uuid-webtv-981,People 24
uuid-webtv-1719,Peretz
uuid-webtv-266,Phoenix Chinese News and Entertainment
uuid-webtv-481,Phoenix Infonews
uuid-webtv-1861,Pickleball Now
uuid-webtv-361,Pink TV
uuid-webtv-1577,Pitchoun Kids Music
uuid-webtv-673,Piwi +
uuid-webtv-1177,Planète+
uuid-webtv-1189,Planète+ Aventure
uuid-webtv-1188,Planète+ Crime
uuid-webtv-1359,Playboy TV
uuid-webtv-1364,PNC Food
uuid-webtv-1298,Polar+
uuid-webtv-1042,Porto Canal
uuid-webtv-489,PowerTürk TV
uuid-webtv-755,Premiere Futebol Clube
uuid-webtv-1454,Prime Video
uuid-webtv-1668,Private HD
uuid-webtv-434,Private TV
uuid-webtv-961,Pro TV International
uuid-webtv-990,ProSieben
uuid-webtv-1803,PSTV HD
uuid-webtv-692,Public Sénat
uuid-webtv-1621,Puissance Télévision
uuid-webtv-1679,Pulaagu
uuid-webtv-1817,Qui Veut Gagner Des Millions
uuid-webtv-314,Rai Due
uuid-webtv-315,Rai Tre
uuid-webtv-309,Rai Uno
uuid-webtv-1841,Rakuten TV Action
uuid-webtv-1842,Rakuten TV Comédies
uuid-webtv-1844,Rakuten TV Crime
uuid-webtv-1843,Rakuten TV Romance
uuid-webtv-1840,Rakuten TV Top Films
uuid-webtv-1572,Real Madrid TV
uuid-webtv-1158,Reality Kings TV
uuid-webtv-728,Record Internacional
uuid-webtv-909,Record News
uuid-webtv-1666,Redlight HD
uuid-webtv-1744,Reflet TV
uuid-webtv-623,RFM TV
uuid-webtv-407,Ritmoson Latino
uuid-webtv-1769,RMC Alerte Secours
uuid-webtv-997,RMC Découverte
uuid-webtv-998,RMC Life
uuid-webtv-1770,RMC Mecanic
uuid-webtv-1768,RMC Mystère
uuid-webtv-996,RMC Story
uuid-webtv-1773,RMC Talk Info
uuid-webtv-1767,RMC WOW
uuid-webtv-792,Rossiya 24
uuid-webtv-1547,Rotana Aflam+
uuid-webtv-920,Rotana Cinema
uuid-webtv-1543,Rotana Cinema+ FR
uuid-webtv-925,Rotana Classic
uuid-webtv-923,Rotana Clip
uuid-webtv-1094,Rotana Comedy
uuid-webtv-1095,Rotana Drama
uuid-webtv-1546,Rotana HD+
uuid-webtv-1549,Rotana Kids
uuid-webtv-1548,Rotana M+
uuid-webtv-924,Rotana Music Channel
uuid-webtv-1483,Roya TV
uuid-webtv-1380,RT Doc
uuid-webtv-1304,RT France
uuid-webtv-774,RTB
uuid-webtv-917,RTG
uuid-webtv-941,RTI 1
uuid-webtv-985,RTL
uuid-webtv-988,RTL Nitro
uuid-webtv-986,RTL2
uuid-webtv-210,RTL9
uuid-webtv-1025,RTNC
uuid-webtv-388,RTP Mundo
uuid-webtv-1896,RTP Noticias
uuid-webtv-317,RTR Planeta
uuid-webtv-787,RTS
uuid-webtv-440,RTV Pink Extra
uuid-webtv-889,RTV Pink Film
uuid-webtv-890,RTV Pink Music
uuid-webtv-439,RTV Pink Plus
uuid-webtv-1739,RTVI
uuid-webtv-726,Russia Today
uuid-webtv-856,Russia Today Español
uuid-webtv-899,Russian Al Yaum
uuid-webtv-1879,Russia's Future
uuid-webtv-1132,Samira TV
uuid-webtv-1536,Sat 7 Arabic
uuid-webtv-991,Sat1
uuid-webtv-1584,Saudi Quran
uuid-webtv-1725,Saudi TV
uuid-webtv-251,Science & Vie TV
uuid-webtv-1656,SciFi
uuid-webtv-1685,Scream'IN+
uuid-webtv-1190,Seasons
uuid-webtv-1087,Sen TV
uuid-webtv-1205,Série Club
uuid-webtv-1733,Shadowz
uuid-webtv-1818,ShadowzTV
uuid-webtv-473,Shanghai Dragon TV
uuid-webtv-1506,Shant Kids
uuid-webtv-1508,Shant Music
uuid-webtv-1507,Shant Premium
uuid-webtv-1509,Shant Serial
uuid-webtv-752,Shant TV
uuid-webtv-1551,Sharjah TV
uuid-webtv-1430,Show Turk
uuid-webtv-1436,Showmax
uuid-webtv-484,SIC Internacional
uuid-webtv-1038,SIC Noticias
uuid-webtv-1853,SIC Novelas
uuid-webtv-1811,Silk Way
uuid-webtv-1578,Sky News Arabia
uuid-webtv-355,Sky News International
uuid-webtv-1900,SO FOOT+
uuid-webtv-1378,Somos
uuid-webtv-1795,Sophia TV
uuid-webtv-710,Souvenirs from Earth
uuid-webtv-1370,Sport en France
uuid-webtv-1542,Sqool TV
uuid-webtv-464,Star TV
uuid-webtv-1293,Star TVE HD
uuid-webtv-968,Star Vijay
uuid-webtv-820,Stingray Classica
uuid-webtv-1140,Stingray DJAZZ
uuid-webtv-1134,Stingray Festival 4K
uuid-webtv-455,Stingray IConcerts HD
uuid-webtv-747,Stingray IConcerts SD
uuid-webtv-1068,SUD1ère
uuid-webtv-1730,Sudan TV
uuid-webtv-1727,Sunnah TV
uuid-webtv-1489,Sunu Yeuf
uuid-webtv-987,Super RTL
uuid-webtv-1716,Svoboda
uuid-webtv-1715,Svoboda News
uuid-webtv-1880,Svoboda+
uuid-webtv-1579,Syria TV
uuid-webtv-1751,T18
uuid-webtv-1297,Tahiti Nui
uuid-webtv-1138,Tamazight TV
uuid-webtv-684,TCM Cinéma
uuid-webtv-1065,Tébéo
uuid-webtv-1064,Tébésud
uuid-webtv-1424,Tech & Co
uuid-webtv-1441,Tele 1
uuid-webtv-1084,Télé Antilles
uuid-webtv-1220,Télé Bocal
uuid-webtv-784,Télé Congo
uuid-webtv-1120,Télé Kréol
uuid-webtv-1485,Télé Liban
uuid-webtv-1519,Télé Maroc
uuid-webtv-1554,Tele Pacific
uuid-webtv-1722,TeleBom/TeleDom
uuid-webtv-1443,Telefoot
uuid-webtv-1444,Telefoot 4K
uuid-webtv-1445,Telefoot Stadium 1
uuid-webtv-1446,Telefoot Stadium 2
uuid-webtv-1448,Telefoot Stadium 4
uuid-webtv-1449,Telefoot Stadium 5
uuid-webtv-1452,Telefoot Stadium 8
uuid-webtv-411,Telehit
uuid-webtv-1571,TeleMadrid
uuid-webtv-389,Télénantes
uuid-webtv-1502,TéléPaese
uuid-webtv-729,Telesur
uuid-webtv-672,Télétoon
uuid-webtv-1183,Télétoon+1
uuid-webtv-1476,Telvza TV
uuid-webtv-1000003,TEST - Arte Redge
uuid-webtv-1144,Test MC
uuid-webtv-404,Téva
uuid-webtv-612,TF1
uuid-webtv-1316,TF1 +1
uuid-webtv-1312,TF1 4K
uuid-webtv-993,TF1 Séries Films
uuid-webtv-960,TFM
uuid-webtv-374,TFX
uuid-webtv-423,TG+
uuid-webtv-1640,TGCOM24
uuid-webtv-465,TGRT EU
uuid-webtv-1181,Tiji
uuid-webtv-1511,Tiji Russia
uuid-webtv-1858,Times Now
uuid-webtv-1862,Times Now Navbharat
uuid-webtv-1857,TinyTeen
uuid-webtv-409,TL Novelas
uuid-webtv-1108,TL7
uuid-webtv-1360,TLC
uuid-webtv-1615,TLC
uuid-webtv-1802,TM1 TV
uuid-webtv-497,TMC
uuid-webtv-1317,TMC +1
uuid-webtv-1129,TNH
uuid-webtv-1118,TNT Comedy
uuid-webtv-1724,TNT Russia
uuid-webtv-1821,Top Sci-Fi
uuid-webtv-250,Toute l'Histoire
uuid-webtv-1115,TPA
uuid-webtv-1737,TPMP
uuid-webtv-963,TRACE Africa
uuid-webtv-1633,TRACE Ayiti
uuid-webtv-769,TRACE Caribbean
uuid-webtv-1136,TRACE Gospel
uuid-webtv-1631,TRACE Kitoko
uuid-webtv-1368,Trace Latina
uuid-webtv-1635,TRACE Latina
uuid-webtv-1175,Trace Naija
uuid-webtv-965,TRACE Sport Stars
uuid-webtv-1632,TRACE Teranga
uuid-webtv-1137,TRACE Toca
uuid-webtv-228,TRACE Urban
uuid-webtv-1634,TRACE Vanilla
uuid-webtv-772,Travel Channel
uuid-webtv-252,Trek
uuid-webtv-1645,Trotters TV
uuid-webtv-490,TRT 1
uuid-webtv-1437,TRT Belgesel
uuid-webtv-798,TRT Cocuk
uuid-webtv-369,TRT Int
uuid-webtv-1233,TRT World
uuid-webtv-1425,True Amateurs TV
uuid-webtv-1178,TV Breizh
uuid-webtv-722,TV Globo Internacional
uuid-webtv-1371,TV Pitchoun
uuid-webtv-1576,TV Pitchoun+1
uuid-webtv-278,TV Polonia
uuid-webtv-1721,TV Rain
uuid-webtv-1665,TV Tarn
uuid-webtv-964,TV Vendée
uuid-webtv-1119,TV1000 Kino
uuid-webtv-274,TV2 Algérie
uuid-webtv-943,TV3 Algérie
uuid-webtv-1104,TV3 CAT
uuid-webtv-1512,TV3 International
uuid-webtv-945,TV4 Algérie
uuid-webtv-944,TV5 Algérie
uuid-webtv-206,TV5 Monde
uuid-webtv-447,TV5 Turkey
uuid-webtv-268,TV7
uuid-webtv-855,TV78
uuid-webtv-700,TV8 International
uuid-webtv-1740,TV8 Moselle-Est
uuid-webtv-306,TVE Internacional
uuid-webtv-1039,TVI Internacional
uuid-webtv-1124,TVM
uuid-webtv-1647,TVMonaco
uuid-webtv-794,TVN 24
uuid-webtv-1107,TVPI
uuid-webtv-1063,TVR
uuid-webtv-318,TVRI
uuid-webtv-1088,TVT
uuid-webtv-1313,Ultra Nature 4K
uuid-webtv-914,Ulusal Kanal
uuid-webtv-1897,Union TV
uuid-webtv-1100,Ushuaïa TV
uuid-webtv-821,Utsav Bharat
uuid-webtv-824,Utsav Gold
uuid-webtv-823,Utsav Plus
uuid-webtv-1059,V+ TVI
uuid-webtv-493,Val de Loire TV
uuid-webtv-930,viàOccitanie Montpellier
uuid-webtv-1235,viàOccitanie Pays Catalan
uuid-webtv-880,viàOccitanie Pays Gardois
uuid-webtv-1303,viàOccitanie Toulouse
uuid-webtv-1636,Vibes TV
uuid-webtv-1221,Vice TV
uuid-webtv-1074,Vivid TV
uuid-webtv-1495,Vixen TV
uuid-webtv-900,Vosges TV
uuid-webtv-989,Vox
uuid-webtv-773,Vox Africa
uuid-webtv-1060,Voyage
uuid-webtv-1831,Voyages & Saveurs
uuid-webtv-842,Vremya
uuid-webtv-1225,VTC 10
uuid-webtv-1226,VTV1
uuid-webtv-1227,VTV3
uuid-webtv-373,W9
uuid-webtv-1299,Warner TV
uuid-webtv-1614,Warner TV
uuid-webtv-1163,Warner TV Next
uuid-webtv-1505,Wataa
uuid-webtv-277,Watania 1
uuid-webtv-1472,Watania 2
uuid-webtv-1473,Watania Djazairia
uuid-webtv-1089,Welt
uuid-webtv-832,Wéo
uuid-webtv-1362,Wéo Picardie
uuid-webtv-1877,Winamax TV Poker
uuid-webtv-1876,Winamax TV Sport
uuid-webtv-1652,W-Sport
uuid-webtv-247,XXL
uuid-webtv-1814,Y'a que la vérité qui compte
uuid-webtv-715,Yemen TV
uuid-webtv-1585,YouTube
uuid-webtv-1806,Zack Nani Foot
uuid-webtv-421,Zee Cinema
uuid-webtv-420,Zee TV
uuid-webtv-477,Zhejiang Star TV
uuid-webtv-1741,Zitata
uuid-webtv-1860,Zoom
uuid-webtv-1852,Zouk TV
